{"cameraMode":{"drawMode":0,"name":"Shaded","section":"Shading Mode"},"sceneLighting":true,"audioPlay":false,"sceneViewState":{"m_AlwaysRefresh":false,"showFog":true,"showSkybox":true,"showFlares":true,"showImageEffects":true,"showParticleSystems":true,"showVisualEffectGraphs":true,"m_FxEnabled":true},"in2DMode":false,"pivot":{"x":-220.64012145996095,"y":12.672290802001954,"z":168.224365234375},"rotation":{"x":0.15141692757606507,"y":-0.11242935061454773,"z":0.017326584085822107,"w":0.9819186329841614},"size":2.615248680114746,"orthographic":false}