{"cameraMode":{"drawMode":0,"name":"Shaded","section":"Shading Mode"},"sceneLighting":true,"audioPlay":false,"sceneViewState":{"m_AlwaysRefresh":false,"showFog":true,"showSkybox":true,"showFlares":true,"showImageEffects":true,"showParticleSystems":true,"showVisualEffectGraphs":true,"m_FxEnabled":true},"in2DMode":false,"pivot":{"x":-31.079082489013673,"y":46.330108642578128,"z":116.77604675292969},"rotation":{"x":0.5918754935264587,"y":0.22560255229473115,"z":-0.1772630661725998,"w":0.7532443404197693},"size":1.0748587846755982,"orthographic":false}