{"cameraMode":{"drawMode":0,"name":"Shaded","section":"Shading Mode"},"sceneLighting":true,"audioPlay":false,"sceneViewState":{"m_AlwaysRefresh":false,"showFog":true,"showSkybox":true,"showFlares":true,"showImageEffects":true,"showParticleSystems":true,"showVisualEffectGraphs":true,"m_FxEnabled":true},"in2DMode":false,"pivot":{"x":10.409552574157715,"y":0.9562249779701233,"z":-132.0555419921875},"rotation":{"x":0.12807899713516236,"y":-0.148178830742836,"z":0.019357161596417428,"w":0.9804408550262451},"size":16.78571128845215,"orthographic":false}