{"cameraMode":{"drawMode":0,"name":"Shaded","section":"Shading Mode"},"sceneLighting":true,"audioPlay":false,"sceneViewState":{"m_AlwaysRefresh":false,"showFog":true,"showSkybox":true,"showFlares":true,"showImageEffects":true,"showParticleSystems":true,"showVisualEffectGraphs":true,"m_FxEnabled":false},"in2DMode":false,"pivot":{"x":28.101768493652345,"y":-4.146744251251221,"z":80.42742919921875},"rotation":{"x":0.24524091184139253,"y":0.06827965378761292,"z":-0.017318181693553926,"w":0.9668996334075928},"size":6.163081645965576,"orthographic":false}