{"cameraMode":{"drawMode":0,"name":"Shaded","section":"Shading Mode"},"sceneLighting":true,"audioPlay":false,"sceneViewState":{"m_AlwaysRefresh":false,"showFog":true,"showSkybox":true,"showFlares":true,"showImageEffects":true,"showParticleSystems":true,"showVisualEffectGraphs":true,"m_FxEnabled":false},"in2DMode":false,"pivot":{"x":-28.385753631591798,"y":0.3267117142677307,"z":129.27357482910157},"rotation":{"x":0.08971435576677323,"y":-0.7386727929115295,"z":0.10032938420772553,"w":0.6605100035667419},"size":0.4445168673992157,"orthographic":false}