{"cameraMode":{"drawMode":0,"name":"Shaded","section":"Shading Mode"},"sceneLighting":true,"audioPlay":false,"sceneViewState":{"m_AlwaysRefresh":false,"showFog":true,"showSkybox":true,"showFlares":true,"showImageEffects":true,"showParticleSystems":true,"showVisualEffectGraphs":true,"m_FxEnabled":false},"in2DMode":false,"pivot":{"x":-21.796220779418947,"y":0.1084599494934082,"z":128.84332275390626},"rotation":{"x":-0.39909929037094118,"y":-0.3523203730583191,"z":0.16953788697719575,"w":-0.8293715119361877},"size":2.9827730655670168,"orthographic":false}